Hsn,Quantity,Untaxed Amount,Igst,Sgst,Cgst,Taxed Amount
1301,118.0,26854.49,2134.86,398.17999999999995,398.17999999999995,29785.71
